add_id,delivery_address1,delivery_address2,delivery_city,delivery_zipcode
add001,42 Willow Lane,,London,E1 7AB
add002,17 Rosewood Avenue,,London,SE10 5XY
add003,88 Oakwood Terrace,,London,N4 3DE
add004,29 Elmwood Crescent,,London,SW7 2FG
add005,5 Maple Street,,London,W2 4HI
add006,63 Cedar Road,,London,E14 9JK
add007,12 Birchwood Close,,London,NW3 6LM
add008,21 Pinehurst Lane,,London,SW16 8NO
add009,37 Hollydale Drive,,London,SE22 1PQ
add010,8 Redwood Court,,London,N7 5ST
add011,56 Willowbrook Avenue,,London,E17 8QR
add012,3 Elmridge Place,,London,W12 2UV
add013,74 Cedarwood Road,,London,NW5 3AB
add014,19 Maplehurst Way,,London,SW2 9CD
add015,64 Oakdale Street,,London,N16 7EF
add016,10 Rosebank Terrace,,London,SE8 4WX
add017,25 Birchfield Road,,London,E2 6YZ
add018,49 Pineview Gardens,,London,W6 5KL
add019,2 Hollyfield Lane,,London,SE14 7MN
add020,31 Redwood Square,,London,N1 8OP
add021,85 Willowside Park,,London,E3 2RQ
add022,14 Elmwood Green,,London,SW10 1SD
add023,50 Cedarhurst Avenue,,London,NW9 4FG
add024,7 Maplewood Street,,London,W8 3IJ
add025,71 Oakridge Lane,,London,N19 5UV
add026,6 Rosewood Crescent,,London,SE4 6DE
add027,23 Birchwood Place,,London,E11 7AB
add028,38 Pinehurst Road,,London,SW15 8XY
add029,11 Hollydale Close,,London,E16 9NO
add030,58 Cedarbrook Avenue,,London,N3 6LM
add031,15 Willowbrook Drive,,London,E9 2FG
add032,80 Elmridge Road,,London,SW5 4HI
add033,9 Maplehurst Lane,,London,W10 9JK
add034,44 Oakwood Court,,London,N15 3DE
add035,1 Rosewood Terrace,,London,SE1 7PQ
add036,26 Birchfield Avenue,,London,E18 5ST
add037,67 Pineview Street,,London,SW3 8QR
add038,4 Hollyfield Road,,London,E7 2UV
add039,28 Redwood Lane,,London,N12 3AB
add040,53 Willowside Avenue,,London,E13 8WX
add041,20 Elmwood Gardens,,London,SW20 4CD
add042,12 King Street,,Manchester,M2 4AB
add043,45 Queen Road,,Manchester,M14 5XY
add044,78 Victoria Avenue,,Manchester,M16 7DE
add045,3 Park Lane,,Birmingham,B1 2FG
add046,66 High Street,,Birmingham,B12 4HI
add047,19 Church Road,,Birmingham,B23 5JK
add048,28 Rose Avenue,,Leeds,LS1 4LM
add049,9 Oak Street,,Leeds,LS10 9NO
add050,34 Elm Road,,Leeds,LS15 3PQ
add051,5 Pine Crescent,,Glasgow,G1 2ST
add052,41 Birch Avenue,,Glasgow,G12 4QR
add053,87 Cedar Street,,Glasgow,G20 8UV
add054,23 Maple Road,,Bristol,BS1 3AB
add055,78 Oak Avenue,,Bristol,BS8 7CD
add056,11 Rose Lane,,Bristol,BS9 2EF
add057,56 Elm Street,,Liverpool,L1 5GH
add058,32 Willow Lane,,Liverpool,L18 3JK
add059,4 Pinewood Drive,,Liverpool,L24 6LM
add060,17 Oakwood Road,,Edinburgh,EH1 1AB
add061,89 Maple Crescent,,Edinburgh,EH12 4XY
add062,3 Birchwood Avenue,,Edinburgh,EH15 7DE
add063,24 Rosebank Street,,Sheffield,S1 2FG
add064,67 Willow Road,,Sheffield,S10 3HI
add065,8 Elmwood Lane,,Sheffield,S11 5JK
add066,12 Cedar Crescent,,Manchester,M3 8LM
add067,49 Oakwood Avenue,,Manchester,M21 7NO
add068,6 Pine Street,,Birmingham,B4 3PQ
add069,22 Maple Lane,,Birmingham,B9 2ST
add070,33 Birch Road,,Leeds,LS3 4QR
add071,1 Willow Avenue,,Leeds,LS8 6UV
add072,57 Elm Crescent,,Glasgow,G3 5AB
add073,8 Cedar Road,,Glasgow,G13 7CD
add074,15 Pine Lane,,Bristol,BS2 4EF
add075,38 Oak Street,,Bristol,BS7 6GH
add076,44 Maple Avenue,,Liverpool,L2 1JK
add077,20 Birch Crescent,,Liverpool,L25 5LM
add078,3 Willow Road,,Edinburgh,EH3 2NO
add079,72 Elm Street,,Edinburgh,EH14 8PQ
add080,6 Cedar Avenue,,Sheffield,S2 9ST
add081,14 King’s Road,,Manchester,M4 6AB
add082,39 Queen Street,,Manchester,M15 7XY
add083,52 Victoria Crescent,,Manchester,M18 2DE
add084,7 Park Avenue,,Birmingham,B2 1FG
add085,41 High Road,,Birmingham,B10 3HI
add086,29 Church Lane,,Birmingham,B28 5JK
add087,33 Rosewood Avenue,,Leeds,LS2 4LM
add088,10 Oak Lane,,Leeds,LS11 9NO
add089,46 Elmwood Road,,Leeds,LS16 3PQ
add090,8 Pine Street,,Glasgow,G2 3ST
add091,51 Birch Lane,,Glasgow,G14 4QR
add092,88 Cedar Avenue,,Glasgow,G22 8UV
add093,20 Maple Crescent,,Bristol,BS3 3AB
add094,74 Oakwood Street,,Bristol,BS9 7CD
add095,15 Rose Lane,,Bristol,BS6 2EF
add096,60 Elm Street,,Liverpool,L3 5GH
add097,36 Willow Crescent,,Liverpool,L17 3JK
add098,5 Pinewood Drive,,Liverpool,L26 6LM
add099,21 Oakwood Road,,Edinburgh,EH2 1AB
add100,91 Maple Crescent,,Edinburgh,EH13 4XY
add101,7 Birchwood Avenue,,Edinburgh,EH16 7DE
add102,26 Rosebank Street,,Sheffield,S3 2FG
add103,68 Willow Road,,Sheffield,S12 3HI
add104,9 Elmwood Lane,,Sheffield,S13 5JK
add105,16 Cedar Crescent,,Manchester,M5 8LM
add106,53 Oakwood Avenue,,Manchester,M22 7NO
add107,11 Pine Street,,Birmingham,B5 3PQ
add108,24 Maple Lane,,Birmingham,B11 2ST
add109,37 Birch Road,,Leeds,LS4 4QR
add110,2 Willow Avenue,,Leeds,LS9 6UV
add111,59 Elm Crescent,,Glasgow,G4 5AB
add112,10 Cedar Road,,Glasgow,G15 7CD
add113,17 Pine Lane,,Bristol,BS4 4EF
add114,41 Oak Street,,Bristol,BS7 6GH
add115,47 Maple Avenue,,Liverpool,L4 1JK
add116,23 Birch Crescent,,Liverpool,L27 5LM
add117,4 Willow Road,,Edinburgh,EH4 2NO
add118,73 Elm Street,,Edinburgh,EH15 8PQ
add119,7 Cedar Avenue,,Sheffield,S4 9ST
add120,18 King Street,,Newcastle,NE1 3AB
add121,45 Queen Road,,Newcastle,NE7 6CD
add122,32 Victoria Avenue,,Newcastle,NE12 4EF
add123,5 Park Lane,,Nottingham,NG1 2GH
add124,27 High Street,,Nottingham,NG8 3JK
add125,11 Church Road,,Nottingham,NG12 6LM
add126,38 Rosewood Avenue,,Cardiff,CF10 1AB
add127,16 Oak Lane,,Cardiff,CF24 4XY
add128,42 Elmwood Road,,Cardiff,CF14 7DE
add129,6 Pine Street,,Belfast,BT1 3FG
add130,54 Birch Lane,,Belfast,BT7 5HI
add131,89 Cedar Avenue,,Belfast,BT15 9JK
add132,21 Maple Crescent,,Manchester,M6 3LM
add133,75 Oakwood Street,,Manchester,M19 8NO
add134,13 Pine Lane,,Birmingham,B6 4PQ
add135,28 Maple Lane,,Birmingham,B15 2ST
add136,39 Birch Road,,Leeds,LS5 4QR
add137,3 Willow Avenue,,Leeds,LS12 6UV
add138,61 Elm Crescent,,Glasgow,G5 5AB
add139,12 Cedar Road,,Glasgow,G16 7CD
add140,19 Pine Lane,,Bristol,BS5 4EF
add141,43 Oak Street,,Bristol,BS8 6GH
add142,49 Maple Avenue,,Liverpool,L5 1JK
add143,25 Birch Crescent,,Liverpool,L28 5LM
add144,5 Willow Road,,Edinburgh,EH5 2NO
add145,74 Elm Street,,Edinburgh,EH16 8PQ
add146,8 Cedar Avenue,,Sheffield,S5 9ST
add147,19 King Street,,Newcastle,NE2 3AB
add148,46 Queen Road,,Newcastle,NE8 6CD
add149,33 Victoria Avenue,,Newcastle,NE13 4EF
add150,6 Park Lane,,Nottingham,NG2 2GH
add151,28 High Street,,Nottingham,NG9 3JK
add152,12 Church Road,,Nottingham,NG13 6LM
add153,39 Rosewood Avenue,,Cardiff,CF11 1AB
add154,17 Oak Lane,,Cardiff,CF25 4XY
add155,43 Elmwood Road,,Cardiff,CF15 7DE
add156,7 Pine Street,,Belfast,BT2 3FG
add157,55 Birch Lane,,Belfast,BT8 5HI
add158,90 Cedar Avenue,,Belfast,BT16 9JK
add159,22 Maple Crescent,,Manchester,M7 3LM
add160,76 Oakwood Street,,Manchester,M20 8NO
add161,14 Pine Lane,,Birmingham,B7 4PQ
add162,29 Maple Lane,,Birmingham,B16 2ST
add163,40 Birch Road,,Leeds,LS6 4QR
add164,4 Willow Avenue,,Leeds,LS13 6UV
add165,62 Elm Crescent,,Glasgow,G6 5AB
add166,13 Cedar Road,,Glasgow,G17 7CD
add167,20 Pine Lane,,Bristol,BS6 4EF
add168,44 Oak Street,,Bristol,BS9 6GH
add169,50 Maple Avenue,,Liverpool,L6 1JK
add170,26 Birch Crescent,,Liverpool,L29 5LM
add171,6 Willow Road,,Edinburgh,EH6 2NO
add172,75 Elm Street,,Edinburgh,EH17 8PQ
add173,9 Cedar Avenue,,Sheffield,S6 9ST
add174,20 King Street,,Newcastle,NE3 3AB
add175,47 Queen Road,,Newcastle,NE9 6CD
add176,34 Victoria Avenue,,Newcastle,NE14 4EF
add177,7 Park Lane,,Nottingham,NG3 2GH
add178,29 High Street,,Nottingham,NG10 3JK
add179,13 Church Road,,Nottingham,NG14 6LM
add180,40 Rosewood Avenue,,Cardiff,CF12 1AB
add181,18 Oak Lane,,Cardiff,CF26 4XY
add182,44 Elmwood Road,,Cardiff,CF16 7DE
add183,8 Pine Street,,Belfast,BT3 3FG
add184,56 Birch Lane,,Belfast,BT9 5HI
add185,91 Cedar Avenue,,Belfast,BT17 9JK
add186,23 Maple Crescent,,Manchester,M8 3LM
add187,77 Oakwood Street,,Manchester,M21 8NO
add188,15 Pine Lane,,Birmingham,B8 4PQ
add189,30 Maple Lane,,Birmingham,B17 2ST
add190,41 Birch Road,,Leeds,LS7 4QR
add191,5 Willow Avenue,,Leeds,LS14 6UV
add192,63 Elm Crescent,,Glasgow,G7 5AB
add193,14 Cedar Road,,Glasgow,G18 7CD
add194,21 Pine Lane,,Bristol,BS7 4EF
add195,45 Oak Street,,Bristol,BS10 6GH
add196,51 Maple Avenue,,Liverpool,L7 1JK
add197,27 Birch Crescent,,Liverpool,L30 5LM
add198,7 Willow Road,,Edinburgh,EH7 2NO
add199,76 Elm Street,,Edinburgh,EH18 8PQ
add200,10 Cedar Avenue,,Sheffield,S7 9ST
add201,21 King Street,,Newcastle,NE4 3AB
add202,48 Queen Road,,Newcastle,NE10 6CD
add203,35 Victoria Avenue,,Newcastle,NE15 4EF
add204,8 Park Lane,,Nottingham,NG4 2GH
add205,30 High Street,,Nottingham,NG11 3JK
add206,14 Church Road,,Nottingham,NG15 6LM
add207,41 Rosewood Avenue,,Cardiff,CF13 1AB
add208,19 Oak Lane,,Cardiff,CF27 4XY
add209,45 Elmwood Road,,Cardiff,CF17 7DE
add210,9 Pine Street,,Belfast,BT4 3FG
add211,57 Birch Lane,,Belfast,BT10 5HI
add212,92 Cedar Avenue,,Belfast,BT18 9JK
add213,24 Maple Crescent,,Manchester,M9 3LM
add214,78 Oakwood Street,,Manchester,M22 8NO
add215,16 Pine Lane,,Birmingham,B9 4PQ
add216,31 Maple Lane,,Birmingham,B18 2ST
add217,42 Birch Road,,Leeds,LS8 4QR
add218,6 Willow Avenue,,Leeds,LS15 6UV
add219,64 Elm Crescent,,Glasgow,G8 5AB
add220,15 Cedar Road,,Glasgow,G19 7CD
add221,22 Pine Lane,,Bristol,BS8 4EF
add222,46 Oak Street,,Bristol,BS11 6GH
add223,52 Maple Avenue,,Liverpool,L8 1JK
add224,28 Birch Crescent,,Liverpool,L31 5LM
add225,8 Willow Road,,Edinburgh,EH8 2NO
add226,77 Elm Street,,Edinburgh,EH19 8PQ
add227,11 Cedar Avenue,,Sheffield,S8 9ST
add228,22 King Street,,Newcastle,NE5 3AB
add229,49 Queen Road,,Newcastle,NE11 6CD
add230,36 Victoria Avenue,,Newcastle,NE16 4EF
add231,9 Park Lane,,Nottingham,NG5 2GH
add232,31 High Street,,Nottingham,NG12 3JK
add233,15 Church Road,,Nottingham,NG16 6LM
add234,42 Rosewood Avenue,,Cardiff,CF14 1AB
add235,20 Oak Lane,,Cardiff,CF28 4XY
add236,46 Elmwood Road,,Cardiff,CF18 7DE
add237,10 Pine Street,,Belfast,BT5 3FG
add238,58 Birch Lane,,Belfast,BT11 5HI
add239,93 Cedar Avenue,,Belfast,BT19 9JK
add240,25 Maple Crescent,,Manchester,M10 3LM
add241,79 Oakwood Street,,Manchester,M23 8NO
add242,17 Pine Lane,,Birmingham,B10 4PQ
add243,32 Maple Lane,,Birmingham,B19 2ST
add244,43 Birch Road,,Leeds,LS9 4QR
add245,7 Willow Avenue,,Leeds,LS16 6UV
add246,65 Elm Crescent,,Glasgow,G9 5AB
add247,16 Cedar Road,,Glasgow,G20 7CD
add248,23 Pine Lane,,Bristol,BS9 4EF
add249,47 Oak Street,,Bristol,BS12 6GH
add250,53 Maple Avenue,,Liverpool,L9 1JK
add251,29 Birch Crescent,,Liverpool,L32 5LM
add252,9 Willow Road,,Edinburgh,EH9 2NO
add253,78 Elm Street,,Edinburgh,EH20 8PQ
